case_id,event_id,activity,timestamp,sequence,variant
SYN001,E001,Opened,2026-01-05T08:00:00.000Z,1,V01
SYN001,E002,Triage,2026-01-05T09:00:00.000Z,2,V01
SYN001,E003,Resolved,2026-01-05T12:00:00.000Z,3,V01
SYN001,E004,Closed,2026-01-05T13:00:00.000Z,4,V01
SYN002,E005,Opened,2026-01-06T08:00:00.000Z,1,V01
SYN002,E006,Triage,2026-01-06T10:00:00.000Z,2,V01
SYN002,E007,Resolved,2026-01-06T14:00:00.000Z,3,V01
SYN002,E008,Closed,2026-01-06T16:00:00.000Z,4,V01
SYN003,E009,Opened,2026-01-07T08:00:00.000Z,1,V02
SYN003,E010,Triage,2026-01-07T09:00:00.000Z,2,V02
SYN003,E011,Waiting,2026-01-07T11:00:00.000Z,3,V02
SYN003,E012,Triage,2026-01-07T14:00:00.000Z,4,V02
SYN003,E013,Resolved,2026-01-07T18:00:00.000Z,5,V02
SYN003,E014,Closed,2026-01-07T19:00:00.000Z,6,V02
SYN004,E015,Opened,2026-01-08T08:00:00.000Z,1,V02
SYN004,E016,Triage,2026-01-08T08:30:00.000Z,2,V02
SYN004,E017,Waiting,2026-01-08T10:00:00.000Z,3,V02
SYN004,E018,Triage,2026-01-08T12:00:00.000Z,4,V02
SYN004,E019,Resolved,2026-01-08T15:00:00.000Z,5,V02
SYN004,E020,Closed,2026-01-08T16:00:00.000Z,6,V02
SYN005,E021,Opened,2026-01-09T08:00:00.000Z,1,V03
SYN005,E022,Triage,2026-01-09T09:00:00.000Z,2,V03
SYN005,E023,Triage,2026-01-09T09:00:00.000Z,3,V03
SYN005,E024,Resolved,2026-01-09T11:00:00.000Z,4,V03
SYN005,E025,Closed,2026-01-09T12:00:00.000Z,5,V03
SYN006,E026,Opened,2026-01-10T08:00:00.000Z,1,V03
SYN006,E027,Triage,2026-01-10T09:00:00.000Z,2,V03
SYN006,E028,Triage,2026-01-10T09:30:00.000Z,3,V03
SYN006,E029,Resolved,2026-01-10T12:00:00.000Z,4,V03
SYN006,E030,Closed,2026-01-10T13:00:00.000Z,5,V03
